{"cameraMode":{"drawMode":0,"name":"Shaded","section":"Shading Mode"},"sceneLighting":true,"audioPlay":false,"sceneViewState":{"m_AlwaysRefresh":false,"showFog":true,"showSkybox":true,"showFlares":true,"showImageEffects":true,"showParticleSystems":true,"showVisualEffectGraphs":true,"m_FxEnabled":true},"in2DMode":false,"pivot":{"x":15.272910118103028,"y":-29.894197463989259,"z":62.65013885498047},"rotation":{"x":-0.25901874899864199,"y":-0.1607702076435089,"z":0.043770261108875278,"w":-0.9513934254646301},"size":48.05934143066406,"orthographic":false}